"STATION","NAME","DATE","TAVG","TMAX","TMIN"
"USR0000COKN","OAKLAND NORTH CALIFORNIA, CA US","2024-01-01","49","58","45"
"USR0000COKN","OAKLAND NORTH CALIFORNIA, CA US","2024-01-02","48","56","44"
"USR0000COKN","OAKLAND NORTH CALIFORNIA, CA US","2024-01-03","45","52","41"
"USR0000COKN","OAKLAND NORTH CALIFORNIA, CA US","2024-01-04","48","59","42"
"USR0000COKN","OAKLAND NORTH CALIFORNIA, CA US","2024-01-05","51","56","46"
"USR0000COKN","OAKLAND NORTH CALIFORNIA, CA US","2024-01-06","45","52","39"
"USR0000COKN","OAKLAND NORTH CALIFORNIA, CA US","2024-01-07","42","50","36"
"USR0000COKN","OAKLAND NORTH CALIFORNIA, CA US","2024-01-08","47","56","41"
"USR0000COKN","OAKLAND NORTH CALIFORNIA, CA US","2024-01-09","45","51","41"
"USR0000COKN","OAKLAND NORTH CALIFORNIA, CA US","2024-01-10","44","48","40"
"USR0000COKN","OAKLAND NORTH CALIFORNIA, CA US","2024-01-11","42","52","38"
"USR0000COKN","OAKLAND NORTH CALIFORNIA, CA US","2024-01-12","43","49","39"
"USR0000COKN","OAKLAND NORTH CALIFORNIA, CA US","2024-01-13","46","50","43"
"USR0000COKN","OAKLAND NORTH CALIFORNIA, CA US","2024-01-14","48","54","43"
"USR0000COKN","OAKLAND NORTH CALIFORNIA, CA US","2024-01-15","47","54","44"
"USR0000COKN","OAKLAND NORTH CALIFORNIA, CA US","2024-01-16","48","54","43"
"USR0000COKN","OAKLAND NORTH CALIFORNIA, CA US","2024-01-17","50","55","47"
"USR0000COKN","OAKLAND NORTH CALIFORNIA, CA US","2024-01-18","49","52","45"
"USR0000COKN","OAKLAND NORTH CALIFORNIA, CA US","2024-01-19","48","52","46"
"USR0000COKN","OAKLAND NORTH CALIFORNIA, CA US","2024-01-20","50","52","47"
"USR0000COKN","OAKLAND NORTH CALIFORNIA, CA US","2024-01-21","51","54","48"
"USR0000COKN","OAKLAND NORTH CALIFORNIA, CA US","2024-01-22","51","55","50"
"USR0000COKN","OAKLAND NORTH CALIFORNIA, CA US","2024-01-23","50","54","48"
"USR0000COKN","OAKLAND NORTH CALIFORNIA, CA US","2024-01-24","49","52","47"
"USR0000COKN","OAKLAND NORTH CALIFORNIA, CA US","2024-01-25","50","57","46"
"USR0000COKN","OAKLAND NORTH CALIFORNIA, CA US","2024-01-26","51","55","48"
"USR0000COKN","OAKLAND NORTH CALIFORNIA, CA US","2024-01-27","53","61","48"
"USR0000COKN","OAKLAND NORTH CALIFORNIA, CA US","2024-01-28","58","62","53"
"USR0000COKN","OAKLAND NORTH CALIFORNIA, CA US","2024-01-29","63","72","58"
"USR0000COKN","OAKLAND NORTH CALIFORNIA, CA US","2024-01-30","55","64","51"
"USR0000COKN","OAKLAND NORTH CALIFORNIA, CA US","2024-01-31","51","53","48"
"USR0000COKN","OAKLAND NORTH CALIFORNIA, CA US","2024-02-01","48","54","45"
"USR0000COKN","OAKLAND NORTH CALIFORNIA, CA US","2024-02-02","46","53","43"
"USR0000COKN","OAKLAND NORTH CALIFORNIA, CA US","2024-02-03","44","48","41"
"USR0000COKN","OAKLAND NORTH CALIFORNIA, CA US","2024-02-04","48","54","41"
"USR0000COKN","OAKLAND NORTH CALIFORNIA, CA US","2024-02-05","47","52","44"
"USR0000COKN","OAKLAND NORTH CALIFORNIA, CA US","2024-02-06","47","57","42"
"USR0000COKN","OAKLAND NORTH CALIFORNIA, CA US","2024-02-07","42","48","39"
"USR0000COKN","OAKLAND NORTH CALIFORNIA, CA US","2024-02-08","43","54","38"
"USR0000COKN","OAKLAND NORTH CALIFORNIA, CA US","2024-02-09","46","56","39"
"USR0000COKN","OAKLAND NORTH CALIFORNIA, CA US","2024-02-10","49","59","45"
"USR0000COKN","OAKLAND NORTH CALIFORNIA, CA US","2024-02-11","50","59","44"
"USR0000COKN","OAKLAND NORTH CALIFORNIA, CA US","2024-02-12","50","59","45"
"USR0000COKN","OAKLAND NORTH CALIFORNIA, CA US","2024-02-13","47","55","44"
"USR0000COKN","OAKLAND NORTH CALIFORNIA, CA US","2024-02-14","48","51","45"
"USR0000COKN","OAKLAND NORTH CALIFORNIA, CA US","2024-02-15","51","58","47"
"USR0000COKN","OAKLAND NORTH CALIFORNIA, CA US","2024-02-16","51","55","47"
"USR0000COKN","OAKLAND NORTH CALIFORNIA, CA US","2024-02-17","50","51","48"
"USR0000COKN","OAKLAND NORTH CALIFORNIA, CA US","2024-02-18","52","61","48"
"USR0000COKN","OAKLAND NORTH CALIFORNIA, CA US","2024-02-19","51","54","48"
"USR0000COKN","OAKLAND NORTH CALIFORNIA, CA US","2024-02-20","49","54","45"
"USR0000COKN","OAKLAND NORTH CALIFORNIA, CA US","2024-02-21","48","53","46"
"USR0000COKN","OAKLAND NORTH CALIFORNIA, CA US","2024-02-22","50","61","44"
"USR0000COKN","OAKLAND NORTH CALIFORNIA, CA US","2024-02-23","52","58","46"
"USR0000COKN","OAKLAND NORTH CALIFORNIA, CA US","2024-02-24","58","67","52"
"USR0000COKN","OAKLAND NORTH CALIFORNIA, CA US","2024-02-25","54","64","48"
"USR0000COKN","OAKLAND NORTH CALIFORNIA, CA US","2024-02-26","50","59","43"
"USR0000COKN","OAKLAND NORTH CALIFORNIA, CA US","2024-02-27","50","60","42"
"USR0000COKN","OAKLAND NORTH CALIFORNIA, CA US","2024-02-28","53","63","46"
"USR0000COKN","OAKLAND NORTH CALIFORNIA, CA US","2024-02-29","47","50","45"
"USR0000COKN","OAKLAND NORTH CALIFORNIA, CA US","2024-03-01","46","48","44"
"USR0000COKN","OAKLAND NORTH CALIFORNIA, CA US","2024-03-02","42","46","38"
"USR0000COKN","OAKLAND NORTH CALIFORNIA, CA US","2024-03-03","42","49","39"
"USR0000COKN","OAKLAND NORTH CALIFORNIA, CA US","2024-03-04","45","54","40"
"USR0000COKN","OAKLAND NORTH CALIFORNIA, CA US","2024-03-05","48","52","45"
"USR0000COKN","OAKLAND NORTH CALIFORNIA, CA US","2024-03-06","50","56","45"
"USR0000COKN","OAKLAND NORTH CALIFORNIA, CA US","2024-03-07","49","58","42"
"USR0000COKN","OAKLAND NORTH CALIFORNIA, CA US","2024-03-08","53","63","44"
"USR0000COKN","OAKLAND NORTH CALIFORNIA, CA US","2024-03-09","48","54","44"
"USR0000COKN","OAKLAND NORTH CALIFORNIA, CA US","2024-03-10","49","57","44"
"USR0000COKN","OAKLAND NORTH CALIFORNIA, CA US","2024-03-11","49","57","41"
"USR0000COKN","OAKLAND NORTH CALIFORNIA, CA US","2024-03-12","49","59","44"
"USR0000COKN","OAKLAND NORTH CALIFORNIA, CA US","2024-03-13","51","62","42"
"USR0000COKN","OAKLAND NORTH CALIFORNIA, CA US","2024-03-14","55","60","49"
"USR0000COKN","OAKLAND NORTH CALIFORNIA, CA US","2024-03-15","59","65","52"
"USR0000COKN","OAKLAND NORTH CALIFORNIA, CA US","2024-03-16","55","64","48"
"USR0000COKN","OAKLAND NORTH CALIFORNIA, CA US","2024-03-17","53","63","44"
"USR0000COKN","OAKLAND NORTH CALIFORNIA, CA US","2024-03-18","54","66","46"
"USR0000COKN","OAKLAND NORTH CALIFORNIA, CA US","2024-03-19","53","65","45"
"USR0000COKN","OAKLAND NORTH CALIFORNIA, CA US","2024-03-20","52","65","44"
"USR0000COKN","OAKLAND NORTH CALIFORNIA, CA US","2024-03-21","52","62","46"
"USR0000COKN","OAKLAND NORTH CALIFORNIA, CA US","2024-03-22","51","60","45"
"USR0000COKN","OAKLAND NORTH CALIFORNIA, CA US","2024-03-23","46","52","44"
"USR0000COKN","OAKLAND NORTH CALIFORNIA, CA US","2024-03-24","48","57","43"
"USR0000COKN","OAKLAND NORTH CALIFORNIA, CA US","2024-03-25","48","56","43"
"USR0000COKN","OAKLAND NORTH CALIFORNIA, CA US","2024-03-26","49","59","44"
"USR0000COKN","OAKLAND NORTH CALIFORNIA, CA US","2024-03-27","48","51","44"
"USR0000COKN","OAKLAND NORTH CALIFORNIA, CA US","2024-03-28","48","57","43"
"USR0000COKN","OAKLAND NORTH CALIFORNIA, CA US","2024-03-29","45","49","43"
"USR0000COKN","OAKLAND NORTH CALIFORNIA, CA US","2024-03-30","49","55","42"
"USR0000COKN","OAKLAND NORTH CALIFORNIA, CA US","2024-03-31","52","60","46"
"USR0000COKN","OAKLAND NORTH CALIFORNIA, CA US","2024-04-01","57","68","48"
"USR0000COKN","OAKLAND NORTH CALIFORNIA, CA US","2024-04-02","56","69","48"
"USR0000COKN","OAKLAND NORTH CALIFORNIA, CA US","2024-04-03","48","56","42"
"USR0000COKN","OAKLAND NORTH CALIFORNIA, CA US","2024-04-04","40","47","35"
"USR0000COKN","OAKLAND NORTH CALIFORNIA, CA US","2024-04-05","44","56","35"
"USR0000COKN","OAKLAND NORTH CALIFORNIA, CA US","2024-04-06","46","56","38"
"USR0000COKN","OAKLAND NORTH CALIFORNIA, CA US","2024-04-07","49","60","40"
"USR0000COKN","OAKLAND NORTH CALIFORNIA, CA US","2024-04-08","57","67","45"
"USR0000COKN","OAKLAND NORTH CALIFORNIA, CA US","2024-04-09","61","71","51"
"USR0000COKN","OAKLAND NORTH CALIFORNIA, CA US","2024-04-10","65","75","52"
"USR0000COKN","OAKLAND NORTH CALIFORNIA, CA US","2024-04-11","66","75","55"
"USR0000COKN","OAKLAND NORTH CALIFORNIA, CA US","2024-04-12","50","56","45"
"USR0000COKN","OAKLAND NORTH CALIFORNIA, CA US","2024-04-13","43","50","40"
"USR0000COKN","OAKLAND NORTH CALIFORNIA, CA US","2024-04-14","45","54","39"
"USR0000COKN","OAKLAND NORTH CALIFORNIA, CA US","2024-04-15","51","61","44"
"USR0000COKN","OAKLAND NORTH CALIFORNIA, CA US","2024-04-16","59","69","46"
"USR0000COKN","OAKLAND NORTH CALIFORNIA, CA US","2024-04-17","65","75","57"
"USR0000COKN","OAKLAND NORTH CALIFORNIA, CA US","2024-04-18","61","71","48"
"USR0000COKN","OAKLAND NORTH CALIFORNIA, CA US","2024-04-19","52","62","46"
"USR0000COKN","OAKLAND NORTH CALIFORNIA, CA US","2024-04-20","56","68","46"
"USR0000COKN","OAKLAND NORTH CALIFORNIA, CA US","2024-04-21","64","76","52"
"USR0000COKN","OAKLAND NORTH CALIFORNIA, CA US","2024-04-22","60","70","47"
"USR0000COKN","OAKLAND NORTH CALIFORNIA, CA US","2024-04-23","51","56","48"
"USR0000COKN","OAKLAND NORTH CALIFORNIA, CA US","2024-04-24","51","60","47"
"USR0000COKN","OAKLAND NORTH CALIFORNIA, CA US","2024-04-25","51","60","47"
"USR0000COKN","OAKLAND NORTH CALIFORNIA, CA US","2024-04-26","52","62","46"
"USR0000COKN","OAKLAND NORTH CALIFORNIA, CA US","2024-04-27","53","63","45"
"USR0000COKN","OAKLAND NORTH CALIFORNIA, CA US","2024-04-28","55","68","46"
"USR0000COKN","OAKLAND NORTH CALIFORNIA, CA US","2024-04-29","56","69","46"
"USR0000COKN","OAKLAND NORTH CALIFORNIA, CA US","2024-04-30","55","67","46"
"USR0000COKN","OAKLAND NORTH CALIFORNIA, CA US","2024-05-01","62","73","55"
"USR0000COKN","OAKLAND NORTH CALIFORNIA, CA US","2024-05-02","60","71","51"
"USR0000COKN","OAKLAND NORTH CALIFORNIA, CA US","2024-05-03","56","69","48"
"USR0000COKN","OAKLAND NORTH CALIFORNIA, CA US","2024-05-04","46","50","41"
"USR0000COKN","OAKLAND NORTH CALIFORNIA, CA US","2024-05-05","48","59","39"
"USR0000COKN","OAKLAND NORTH CALIFORNIA, CA US","2024-05-06","50","61","41"
"USR0000COKN","OAKLAND NORTH CALIFORNIA, CA US","2024-05-07","56","67","43"
"USR0000COKN","OAKLAND NORTH CALIFORNIA, CA US","2024-05-08","64","71","56"
"USR0000COKN","OAKLAND NORTH CALIFORNIA, CA US","2024-05-09","65","77","59"
"USR0000COKN","OAKLAND NORTH CALIFORNIA, CA US","2024-05-10","67","80","57"
"USR0000COKN","OAKLAND NORTH CALIFORNIA, CA US","2024-05-11","63","74","51"
"USR0000COKN","OAKLAND NORTH CALIFORNIA, CA US","2024-05-12","55","67","47"
"USR0000COKN","OAKLAND NORTH CALIFORNIA, CA US","2024-05-13","51","62","46"
"USR0000COKN","OAKLAND NORTH CALIFORNIA, CA US","2024-05-14","54","65","46"
"USR0000COKN","OAKLAND NORTH CALIFORNIA, CA US","2024-05-15","53","64","47"
"USR0000COKN","OAKLAND NORTH CALIFORNIA, CA US","2024-05-16","52","61","48"
"USR0000COKN","OAKLAND NORTH CALIFORNIA, CA US","2024-05-17","52","63","47"
"USR0000COKN","OAKLAND NORTH CALIFORNIA, CA US","2024-05-18","51","61","46"
"USR0000COKN","OAKLAND NORTH CALIFORNIA, CA US","2024-05-19","53","66","45"
"USR0000COKN","OAKLAND NORTH CALIFORNIA, CA US","2024-05-20","56","69","45"
"USR0000COKN","OAKLAND NORTH CALIFORNIA, CA US","2024-05-21","63","75","52"
"USR0000COKN","OAKLAND NORTH CALIFORNIA, CA US","2024-05-22","58","72","47"
"USR0000COKN","OAKLAND NORTH CALIFORNIA, CA US","2024-05-23","57","71","46"
"USR0000COKN","OAKLAND NORTH CALIFORNIA, CA US","2024-05-24","47","51","44"
"USR0000COKN","OAKLAND NORTH CALIFORNIA, CA US","2024-05-25","49","59","45"
"USR0000COKN","OAKLAND NORTH CALIFORNIA, CA US","2024-05-26","55","70","45"
"USR0000COKN","OAKLAND NORTH CALIFORNIA, CA US","2024-05-27","53","64","46"
"USR0000COKN","OAKLAND NORTH CALIFORNIA, CA US","2024-05-28","55","66","46"
"USR0000COKN","OAKLAND NORTH CALIFORNIA, CA US","2024-05-29","64","76","50"
"USR0000COKN","OAKLAND NORTH CALIFORNIA, CA US","2024-05-30","71","81","61"
"USR0000COKN","OAKLAND NORTH CALIFORNIA, CA US","2024-05-31","66","81","48"
"USR0000COKN","OAKLAND NORTH CALIFORNIA, CA US","2024-06-01","55","64","47"
"USR0000COKN","OAKLAND NORTH CALIFORNIA, CA US","2024-06-02","58","71","49"
"USR0000COKN","OAKLAND NORTH CALIFORNIA, CA US","2024-06-03","59","69","52"
"USR0000COKN","OAKLAND NORTH CALIFORNIA, CA US","2024-06-04","75","90","58"
"USR0000COKN","OAKLAND NORTH CALIFORNIA, CA US","2024-06-05","79","92","70"
"USR0000COKN","OAKLAND NORTH CALIFORNIA, CA US","2024-06-06","64","73","51"
"USR0000COKN","OAKLAND NORTH CALIFORNIA, CA US","2024-06-07","56","65","48"
"USR0000COKN","OAKLAND NORTH CALIFORNIA, CA US","2024-06-08","53","63","49"
"USR0000COKN","OAKLAND NORTH CALIFORNIA, CA US","2024-06-09","55","68","49"
"USR0000COKN","OAKLAND NORTH CALIFORNIA, CA US","2024-06-10","61","77","48"
"USR0000COKN","OAKLAND NORTH CALIFORNIA, CA US","2024-06-11","75","89","57"
"USR0000COKN","OAKLAND NORTH CALIFORNIA, CA US","2024-06-12","60","68","49"
"USR0000COKN","OAKLAND NORTH CALIFORNIA, CA US","2024-06-13","52","62","47"
"USR0000COKN","OAKLAND NORTH CALIFORNIA, CA US","2024-06-14","58","72","46"
"USR0000COKN","OAKLAND NORTH CALIFORNIA, CA US","2024-06-15","62","77","50"
"USR0000COKN","OAKLAND NORTH CALIFORNIA, CA US","2024-06-16","63","77","52"
"USR0000COKN","OAKLAND NORTH CALIFORNIA, CA US","2024-06-17","65","77","48"
"USR0000COKN","OAKLAND NORTH CALIFORNIA, CA US","2024-06-18","67","78","49"
"USR0000COKN","OAKLAND NORTH CALIFORNIA, CA US","2024-06-19","54","66","47"
"USR0000COKN","OAKLAND NORTH CALIFORNIA, CA US","2024-06-20","53","66","46"
"USR0000COKN","OAKLAND NORTH CALIFORNIA, CA US","2024-06-21","58","77","47"
"USR0000COKN","OAKLAND NORTH CALIFORNIA, CA US","2024-06-22","74","85","58"
"USR0000COKN","OAKLAND NORTH CALIFORNIA, CA US","2024-06-23","71","83","63"
"USR0000COKN","OAKLAND NORTH CALIFORNIA, CA US","2024-06-24","70","81","60"
"USR0000COKN","OAKLAND NORTH CALIFORNIA, CA US","2024-06-25","69","83","49"
"USR0000COKN","OAKLAND NORTH CALIFORNIA, CA US","2024-06-26","56","70","49"
"USR0000COKN","OAKLAND NORTH CALIFORNIA, CA US","2024-06-27","60","75","48"
"USR0000COKN","OAKLAND NORTH CALIFORNIA, CA US","2024-06-28","65","77","51"
"USR0000COKN","OAKLAND NORTH CALIFORNIA, CA US","2024-06-29","66","77","55"
"USR0000COKN","OAKLAND NORTH CALIFORNIA, CA US","2024-06-30","72","83","60"
"USR0000COKN","OAKLAND NORTH CALIFORNIA, CA US","2024-07-01","76","89","58"
"USR0000COKN","OAKLAND NORTH CALIFORNIA, CA US","2024-07-02","87","95","75"
"USR0000COKN","OAKLAND NORTH CALIFORNIA, CA US","2024-07-03","85","97","67"
"USR0000COKN","OAKLAND NORTH CALIFORNIA, CA US","2024-07-04","76","91","64"
"USR0000COKN","OAKLAND NORTH CALIFORNIA, CA US","2024-07-05","78","98","64"
"USR0000COKN","OAKLAND NORTH CALIFORNIA, CA US","2024-07-06","81","97","64"
"USR0000COKN","OAKLAND NORTH CALIFORNIA, CA US","2024-07-07","68","80","58"
"USR0000COKN","OAKLAND NORTH CALIFORNIA, CA US","2024-07-08","62","77","53"
"USR0000COKN","OAKLAND NORTH CALIFORNIA, CA US","2024-07-09","59","70","53"
"USR0000COKN","OAKLAND NORTH CALIFORNIA, CA US","2024-07-10","75","93","54"
"USR0000COKN","OAKLAND NORTH CALIFORNIA, CA US","2024-07-11","83","99","74"
"USR0000COKN","OAKLAND NORTH CALIFORNIA, CA US","2024-07-12","77","89","66"
"USR0000COKN","OAKLAND NORTH CALIFORNIA, CA US","2024-07-13","64","75","53"
"USR0000COKN","OAKLAND NORTH CALIFORNIA, CA US","2024-07-14","57","69","52"
"USR0000COKN","OAKLAND NORTH CALIFORNIA, CA US","2024-07-15","56","66","51"
"USR0000COKN","OAKLAND NORTH CALIFORNIA, CA US","2024-07-16","57","68","51"
"USR0000COKN","OAKLAND NORTH CALIFORNIA, CA US","2024-07-17","61","77","51"
"USR0000COKN","OAKLAND NORTH CALIFORNIA, CA US","2024-07-18","68","85","52"
"USR0000COKN","OAKLAND NORTH CALIFORNIA, CA US","2024-07-19","78","96","60"
"USR0000COKN","OAKLAND NORTH CALIFORNIA, CA US","2024-07-20","67","79","52"
"USR0000COKN","OAKLAND NORTH CALIFORNIA, CA US","2024-07-21","58","68","51"
"USR0000COKN","OAKLAND NORTH CALIFORNIA, CA US","2024-07-22","73","88","60"
"USR0000COKN","OAKLAND NORTH CALIFORNIA, CA US","2024-07-23","80","93","72"
"USR0000COKN","OAKLAND NORTH CALIFORNIA, CA US","2024-07-24","74","83","66"
"USR0000COKN","OAKLAND NORTH CALIFORNIA, CA US","2024-07-25","72","86","62"
"USR0000COKN","OAKLAND NORTH CALIFORNIA, CA US","2024-07-26","64","79","50"
"USR0000COKN","OAKLAND NORTH CALIFORNIA, CA US","2024-07-27","51","53","50"
"USR0000COKN","OAKLAND NORTH CALIFORNIA, CA US","2024-07-28","57","68","50"
"USR0000COKN","OAKLAND NORTH CALIFORNIA, CA US","2024-07-29","57","69","52"
"USR0000COKN","OAKLAND NORTH CALIFORNIA, CA US","2024-07-30","60","72","54"
"USR0000COKN","OAKLAND NORTH CALIFORNIA, CA US","2024-07-31","63","80","53"
"USR0000COKN","OAKLAND NORTH CALIFORNIA, CA US","2024-08-01","70","86","57"
"USR0000COKN","OAKLAND NORTH CALIFORNIA, CA US","2024-08-02","71","80","58"
"USR0000COKN","OAKLAND NORTH CALIFORNIA, CA US","2024-08-03","71","88","54"
"USR0000COKN","OAKLAND NORTH CALIFORNIA, CA US","2024-08-04","59","75","52"
"USR0000COKN","OAKLAND NORTH CALIFORNIA, CA US","2024-08-05","58","73","51"
"USR0000COKN","OAKLAND NORTH CALIFORNIA, CA US","2024-08-06","72","89","52"
"USR0000COKN","OAKLAND NORTH CALIFORNIA, CA US","2024-08-07","72","86","57"
"USR0000COKN","OAKLAND NORTH CALIFORNIA, CA US","2024-08-08","59","71","51"
"USR0000COKN","OAKLAND NORTH CALIFORNIA, CA US","2024-08-09","58","75","50"
"USR0000COKN","OAKLAND NORTH CALIFORNIA, CA US","2024-08-10","63","81","51"
"USR0000COKN","OAKLAND NORTH CALIFORNIA, CA US","2024-08-11","57","71","51"
"USR0000COKN","OAKLAND NORTH CALIFORNIA, CA US","2024-08-12","57","71","50"
"USR0000COKN","OAKLAND NORTH CALIFORNIA, CA US","2024-08-13","62","76","50"
"USR0000COKN","OAKLAND NORTH CALIFORNIA, CA US","2024-08-14","64","79","52"
"USR0000COKN","OAKLAND NORTH CALIFORNIA, CA US","2024-08-15","64","78","53"
"USR0000COKN","OAKLAND NORTH CALIFORNIA, CA US","2024-08-16","64","77","54"
"USR0000COKN","OAKLAND NORTH CALIFORNIA, CA US","2024-08-17","59","72","54"
"USR0000COKN","OAKLAND NORTH CALIFORNIA, CA US","2024-08-18","62","73","56"
"USR0000COKN","OAKLAND NORTH CALIFORNIA, CA US","2024-08-19","63","77","51"
"USR0000COKN","OAKLAND NORTH CALIFORNIA, CA US","2024-08-20","67","83","57"
"USR0000COKN","OAKLAND NORTH CALIFORNIA, CA US","2024-08-21","61","73","54"
"USR0000COKN","OAKLAND NORTH CALIFORNIA, CA US","2024-08-22","58","66","54"
"USR0000COKN","OAKLAND NORTH CALIFORNIA, CA US","2024-08-23","58","68","53"
"USR0000COKN","OAKLAND NORTH CALIFORNIA, CA US","2024-08-24","61","70","56"
"USR0000COKN","OAKLAND NORTH CALIFORNIA, CA US","2024-08-25","68","78","58"
"USR0000COKN","OAKLAND NORTH CALIFORNIA, CA US","2024-08-26","74","86","64"
"USR0000COKN","OAKLAND NORTH CALIFORNIA, CA US","2024-08-27","78","90","65"
"USR0000COKN","OAKLAND NORTH CALIFORNIA, CA US","2024-08-28","70","83","54"
"USR0000COKN","OAKLAND NORTH CALIFORNIA, CA US","2024-08-29","58","70","53"
"USR0000COKN","OAKLAND NORTH CALIFORNIA, CA US","2024-08-30","61","72","54"
"USR0000COKN","OAKLAND NORTH CALIFORNIA, CA US","2024-08-31","60","71","54"
"USR0000COKN","OAKLAND NORTH CALIFORNIA, CA US","2024-09-01","61","74","53"
"USR0000COKN","OAKLAND NORTH CALIFORNIA, CA US","2024-09-02","63","74","54"
"USR0000COKN","OAKLAND NORTH CALIFORNIA, CA US","2024-09-03","78","93","64"
"USR0000COKN","OAKLAND NORTH CALIFORNIA, CA US","2024-09-04","76","88","68"
"USR0000COKN","OAKLAND NORTH CALIFORNIA, CA US","2024-09-05","78","92","66"
"USR0000COKN","OAKLAND NORTH CALIFORNIA, CA US","2024-09-06","80","92","70"
"USR0000COKN","OAKLAND NORTH CALIFORNIA, CA US","2024-09-07","72","84","63"
"USR0000COKN","OAKLAND NORTH CALIFORNIA, CA US","2024-09-08","78","92","64"
"USR0000COKN","OAKLAND NORTH CALIFORNIA, CA US","2024-09-09","65","76","53"
"USR0000COKN","OAKLAND NORTH CALIFORNIA, CA US","2024-09-10","56","66","52"
"USR0000COKN","OAKLAND NORTH CALIFORNIA, CA US","2024-09-11","60","75","51"
"USR0000COKN","OAKLAND NORTH CALIFORNIA, CA US","2024-09-12","64","76","53"
"USR0000COKN","OAKLAND NORTH CALIFORNIA, CA US","2024-09-13","71","83","61"
"USR0000COKN","OAKLAND NORTH CALIFORNIA, CA US","2024-09-14","61","69","52"
"USR0000COKN","OAKLAND NORTH CALIFORNIA, CA US","2024-09-15","53","60","50"
"USR0000COKN","OAKLAND NORTH CALIFORNIA, CA US","2024-09-16","54","69","49"
"USR0000COKN","OAKLAND NORTH CALIFORNIA, CA US","2024-09-17","54","64","50"
"USR0000COKN","OAKLAND NORTH CALIFORNIA, CA US","2024-09-18","58","66","53"
"USR0000COKN","OAKLAND NORTH CALIFORNIA, CA US","2024-09-19","57","68","52"
"USR0000COKN","OAKLAND NORTH CALIFORNIA, CA US","2024-09-20","57","67","51"
"USR0000COKN","OAKLAND NORTH CALIFORNIA, CA US","2024-09-21","60","71","51"
"USR0000COKN","OAKLAND NORTH CALIFORNIA, CA US","2024-09-22","69","82","52"
"USR0000COKN","OAKLAND NORTH CALIFORNIA, CA US","2024-09-23","81","94","70"
"USR0000COKN","OAKLAND NORTH CALIFORNIA, CA US","2024-09-24","72","87","54"
"USR0000COKN","OAKLAND NORTH CALIFORNIA, CA US","2024-09-25","55","64","52"
"USR0000COKN","OAKLAND NORTH CALIFORNIA, CA US","2024-09-26","65","80","52"
"USR0000COKN","OAKLAND NORTH CALIFORNIA, CA US","2024-09-27","79","91","71"
"USR0000COKN","OAKLAND NORTH CALIFORNIA, CA US","2024-09-28","64","75","52"
"USR0000COKN","OAKLAND NORTH CALIFORNIA, CA US","2024-09-29","62","75","51"
"USR0000COKN","OAKLAND NORTH CALIFORNIA, CA US","2024-09-30","78","88","69"
"USR0000COKN","OAKLAND NORTH CALIFORNIA, CA US","2024-10-01","87","95","78"
"USR0000COKN","OAKLAND NORTH CALIFORNIA, CA US","2024-10-02","91","103","83"
"USR0000COKN","OAKLAND NORTH CALIFORNIA, CA US","2024-10-03","86","98","74"
"USR0000COKN","OAKLAND NORTH CALIFORNIA, CA US","2024-10-04","81","92","73"
"USR0000COKN","OAKLAND NORTH CALIFORNIA, CA US","2024-10-05","86","93","78"
"USR0000COKN","OAKLAND NORTH CALIFORNIA, CA US","2024-10-06","87","93","79"
"USR0000COKN","OAKLAND NORTH CALIFORNIA, CA US","2024-10-07","87","96","79"
"USR0000COKN","OAKLAND NORTH CALIFORNIA, CA US","2024-10-08","76","89","53"
"USR0000COKN","OAKLAND NORTH CALIFORNIA, CA US","2024-10-09","61","74","52"
"USR0000COKN","OAKLAND NORTH CALIFORNIA, CA US","2024-10-10","62","72","55"
"USR0000COKN","OAKLAND NORTH CALIFORNIA, CA US","2024-10-11","58","73","50"
"USR0000COKN","OAKLAND NORTH CALIFORNIA, CA US","2024-10-12","60","71","54"
"USR0000COKN","OAKLAND NORTH CALIFORNIA, CA US","2024-10-13","65","77","57"
"USR0000COKN","OAKLAND NORTH CALIFORNIA, CA US","2024-10-14","58","72","53"
"USR0000COKN","OAKLAND NORTH CALIFORNIA, CA US","2024-10-15","61","77","53"
"USR0000COKN","OAKLAND NORTH CALIFORNIA, CA US","2024-10-16","57","68","53"
"USR0000COKN","OAKLAND NORTH CALIFORNIA, CA US","2024-10-17","60","71","51"
"USR0000COKN","OAKLAND NORTH CALIFORNIA, CA US","2024-10-18","62","72","52"
"USR0000COKN","OAKLAND NORTH CALIFORNIA, CA US","2024-10-19","66","72","59"
"USR0000COKN","OAKLAND NORTH CALIFORNIA, CA US","2024-10-20","66","79","60"
"USR0000COKN","OAKLAND NORTH CALIFORNIA, CA US","2024-10-21","59","71","51"
"USR0000COKN","OAKLAND NORTH CALIFORNIA, CA US","2024-10-22","59","69","50"
"USR0000COKN","OAKLAND NORTH CALIFORNIA, CA US","2024-10-23","68","79","60"
"USR0000COKN","OAKLAND NORTH CALIFORNIA, CA US","2024-10-24","62","69","53"
"USR0000COKN","OAKLAND NORTH CALIFORNIA, CA US","2024-10-25","65","75","59"
"USR0000COKN","OAKLAND NORTH CALIFORNIA, CA US","2024-10-26","64","74","56"
"USR0000COKN","OAKLAND NORTH CALIFORNIA, CA US","2024-10-27","57","64","50"
"USR0000COKN","OAKLAND NORTH CALIFORNIA, CA US","2024-10-28","53","61","48"
"USR0000COKN","OAKLAND NORTH CALIFORNIA, CA US","2024-10-29","53","64","46"
"USR0000COKN","OAKLAND NORTH CALIFORNIA, CA US","2024-10-30","51","62","46"
"USR0000COKN","OAKLAND NORTH CALIFORNIA, CA US","2024-10-31","52","62","45"
"USR0000COKN","OAKLAND NORTH CALIFORNIA, CA US","2024-11-01","53","62","47"
"USR0000COKN","OAKLAND NORTH CALIFORNIA, CA US","2024-11-02","53","62","47"
"USR0000COKN","OAKLAND NORTH CALIFORNIA, CA US","2024-11-03","55","64","47"
"USR0000COKN","OAKLAND NORTH CALIFORNIA, CA US","2024-11-04","61","71","56"
"USR0000COKN","OAKLAND NORTH CALIFORNIA, CA US","2024-11-05","60","66","55"
"USR0000COKN","OAKLAND NORTH CALIFORNIA, CA US","2024-11-06","56","60","51"
"USR0000COKN","OAKLAND NORTH CALIFORNIA, CA US","2024-11-07","58","70","52"
"USR0000COKN","OAKLAND NORTH CALIFORNIA, CA US","2024-11-08","59","68","54"
"USR0000COKN","OAKLAND NORTH CALIFORNIA, CA US","2024-11-09","59","68","52"
"USR0000COKN","OAKLAND NORTH CALIFORNIA, CA US","2024-11-10","57","68","51"
"USR0000COKN","OAKLAND NORTH CALIFORNIA, CA US","2024-11-11","50","55","47"
"USR0000COKN","OAKLAND NORTH CALIFORNIA, CA US","2024-11-12","51","60","47"
"USR0000COKN","OAKLAND NORTH CALIFORNIA, CA US","2024-11-13","51","56","46"
"USR0000COKN","OAKLAND NORTH CALIFORNIA, CA US","2024-11-14","50","55","43"
"USR0000COKN","OAKLAND NORTH CALIFORNIA, CA US","2024-11-15","47","56","42"
"USR0000COKN","OAKLAND NORTH CALIFORNIA, CA US","2024-11-16","48","58","44"
"USR0000COKN","OAKLAND NORTH CALIFORNIA, CA US","2024-11-17","49","56","44"
"USR0000COKN","OAKLAND NORTH CALIFORNIA, CA US","2024-11-18","46","54","42"
"USR0000COKN","OAKLAND NORTH CALIFORNIA, CA US","2024-11-19","47","55","40"
"USR0000COKN","OAKLAND NORTH CALIFORNIA, CA US","2024-11-20","51","54","49"
"USR0000COKN","OAKLAND NORTH CALIFORNIA, CA US","2024-11-21","53","56","50"
"USR0000COKN","OAKLAND NORTH CALIFORNIA, CA US","2024-11-22","54","55","49"
"USR0000COKN","OAKLAND NORTH CALIFORNIA, CA US","2024-11-23","49","52","45"
"USR0000COKN","OAKLAND NORTH CALIFORNIA, CA US","2024-11-24","50","58","44"
"USR0000COKN","OAKLAND NORTH CALIFORNIA, CA US","2024-11-25","50","51","48"
"USR0000COKN","OAKLAND NORTH CALIFORNIA, CA US","2024-11-26","49","57","47"
"USR0000COKN","OAKLAND NORTH CALIFORNIA, CA US","2024-11-27","48","53","42"
"USR0000COKN","OAKLAND NORTH CALIFORNIA, CA US","2024-11-28","47","52","42"
"USR0000COKN","OAKLAND NORTH CALIFORNIA, CA US","2024-11-29","49","54","43"
"USR0000COKN","OAKLAND NORTH CALIFORNIA, CA US","2024-11-30","49","53","45"
"USR0000COKN","OAKLAND NORTH CALIFORNIA, CA US","2024-12-01","54","59","50"
"USR0000COKN","OAKLAND NORTH CALIFORNIA, CA US","2024-12-02","58","61","55"
"USR0000COKN","OAKLAND NORTH CALIFORNIA, CA US","2024-12-03","57","60","54"
"USR0000COKN","OAKLAND NORTH CALIFORNIA, CA US","2024-12-04","58","62","54"
"USR0000COKN","OAKLAND NORTH CALIFORNIA, CA US","2024-12-05","59","64","56"
"USR0000COKN","OAKLAND NORTH CALIFORNIA, CA US","2024-12-06","59","63","55"
"USR0000COKN","OAKLAND NORTH CALIFORNIA, CA US","2024-12-07","56","61","51"
"USR0000COKN","OAKLAND NORTH CALIFORNIA, CA US","2024-12-08","56","65","50"
"USR0000COKN","OAKLAND NORTH CALIFORNIA, CA US","2024-12-09","51","56","44"
"USR0000COKN","OAKLAND NORTH CALIFORNIA, CA US","2024-12-10","47","51","43"
"USR0000COKN","OAKLAND NORTH CALIFORNIA, CA US","2024-12-11","49","63","41"
"USR0000COKN","OAKLAND NORTH CALIFORNIA, CA US","2024-12-12","47","50","46"
"USR0000COKN","OAKLAND NORTH CALIFORNIA, CA US","2024-12-13","48","52","46"
"USR0000COKN","OAKLAND NORTH CALIFORNIA, CA US","2024-12-14","46","49","43"
"USR0000COKN","OAKLAND NORTH CALIFORNIA, CA US","2024-12-15","44","48","42"
"USR0000COKN","OAKLAND NORTH CALIFORNIA, CA US","2024-12-16","47","50","43"
"USR0000COKN","OAKLAND NORTH CALIFORNIA, CA US","2024-12-17","50","60","45"
"USR0000COKN","OAKLAND NORTH CALIFORNIA, CA US","2024-12-18","49","54","46"
"USR0000COKN","OAKLAND NORTH CALIFORNIA, CA US","2024-12-19","46","52","41"
"USR0000COKN","OAKLAND NORTH CALIFORNIA, CA US","2024-12-20","44","49","41"
"USR0000COKN","OAKLAND NORTH CALIFORNIA, CA US","2024-12-21","50","53","46"
"USR0000COKN","OAKLAND NORTH CALIFORNIA, CA US","2024-12-22","53","57","48"
"USR0000COKN","OAKLAND NORTH CALIFORNIA, CA US","2024-12-23","56","58","53"
"USR0000COKN","OAKLAND NORTH CALIFORNIA, CA US","2024-12-24","49","57","44"
"USR0000COKN","OAKLAND NORTH CALIFORNIA, CA US","2024-12-25","45","48","42"
"USR0000COKN","OAKLAND NORTH CALIFORNIA, CA US","2024-12-26","49","53","46"
"USR0000COKN","OAKLAND NORTH CALIFORNIA, CA US","2024-12-27","52","54","49"
"USR0000COKN","OAKLAND NORTH CALIFORNIA, CA US","2024-12-28","53","55","50"
"USR0000COKN","OAKLAND NORTH CALIFORNIA, CA US","2024-12-29","50","53","44"
"USR0000COKN","OAKLAND NORTH CALIFORNIA, CA US","2024-12-30","48","54","43"
"USR0000COKN","OAKLAND NORTH CALIFORNIA, CA US","2024-12-31","47","54","43"
"USR0000COKN","OAKLAND NORTH CALIFORNIA, CA US","2025-01-01","49","54","44"